Listed_In, Listed_In_R
Action & Adventure, Action & Adventure
Anime Features, Anime
Anime Series, Anime
British TV Shows, British
Children & Family Movies, Children & Family
Classic & Cult TV, Classic & Cult
Classic Movies, Classic
Comedies, Comedies
Crime TV Shows, Crime
Cult Movies, Cult
Documentaries, Documentaries
Docuseries, Documentaries
Dramas, Dramas
Faith & Spirituality, Faith & Spirituality
Horror Movies, Horror
Independent Movies, Independent
International Movies, International
International TV Shows, International
Kids' TV, Children & Family
Korean TV Shows, Korean
LGBTQ Movies, LGBTQ
Movies, Movies
Music & Musicals, Music & Musicals
Reality TV, Reality
Romantic Movies, Romantic
Romantic TV Shows, Romantic
Science & Nature TV, Science & Nature
Sci-Fi & Fantasy, Sci-Fi & Fantasy
Spanish-Language TV Shows, Spanish-Language
Sports Movies, Sports
Stand-Up Comedy, Stand-Up Comedy & Talk Shows
Stand-Up Comedy & Talk Shows, Stand-Up Comedy & Talk Shows
Teen TV Shows, Teen
Thrillers, Thrillers
TV Action & Adventure, Action & Adventure
TV Comedies, Comedies
TV Dramas, Dramas
TV Horror, Horror
TV Mysteries, Mysteries
TV Sci-Fi & Fantasy, Sci-Fi & Fantasy
TV Shows, TV Show
TV Thrillers, Thrillers
